micro_f1,macro_f1,micro_p,micro_r
0.9946731234866828,0.8299319727891157,0.9894026974951831,1.0
