micro_f1,macro_f1,micro_p,micro_r
0.8949599623174753,0.5839731114217485,0.8667883211678832,0.9250243427458618
